{
	"description": "项目配置文件。",
	"client": "./client",
	"svr": "./server",
	"miniprogramRoot": "./client",
	"qcloudRoot": "./server",
	"setting": {
		"urlCheck": true,
		"es6": true,
		"postcss": true,
		"minified": true,
		"newFeature": true
	},
	"compileType": "game",
	"libVersion": "game",
	"appid": "wx64f693f843376145",
	"projectname": "la_game",
	"isGameTourist": true,
	"condition": {
		"search": {
			"current": -1,
			"list": []
		},
		"conversation": {
			"current": -1,
			"list": []
		},
		"game": {
			"list": [],
			"current": -1
		},
		"miniprogram": {
			"current": -1,
			"list": []
		}
	}
}